"","fullname","datestart","basename","basename_sansext","sampleID","loggerID","filterID","sampletype","fieldworkerIDstr","fieldworkerID","HHIDstr","HHID","flag","filename_flag"
"1","/Users/ricardopiedrahita/Dropbox/CA(Kenya)/CleanAirAfrica/MicroPEMandECMRawFiles/201-10-29_KE148-KE003-K_UCC320045N_CAA544raw",NA,"201-10-29_KE148-KE003-K_UCC320045N_CAA544raw","201-10-29_KE148-KE003-K_UCC320045N_CAA544raw","KE148-KE003-K","UCC320045N","CAA544raw","K","KE003",3,"KE148",148,"good",0
"2","/Users/ricardopiedrahita/Dropbox/CA(Kenya)/CleanAirAfrica/MicroPEMandECMRawFiles/2019-09-18_KE154-KE010-C_UCC320110F_ZIPPYRA",2019-09-18,"2019-09-18_KE154-KE010-C_UCC320110F_ZIPPYRA","2019-09-18_KE154-KE010-C_UCC320110F_ZIPPYRA","KE154-KE010-C","UCC320110F","ZIPPYRA","C","KE010",10,"KE154",154,"good",0
"3","/Users/ricardopiedrahita/Dropbox/CA(Kenya)/CleanAirAfrica/MicroPEMandECMRawFiles/2019-09-20_KE152-KE004-C_UCC320080N_CAA846",2019-09-20,"2019-09-20_KE152-KE004-C_UCC320080N_CAA846","2019-09-20_KE152-KE004-C_UCC320080N_CAA846","KE152-KE004-C","UCC320080N","CAA846","C","KE004",4,"KE152",152,"good",0
"4","/Users/ricardopiedrahita/Dropbox/CA(Kenya)/CleanAirAfrica/MicroPEMandECMRawFiles/2019-09-20_KE152-KE004-K_UGF320577N_CAA753",2019-09-20,"2019-09-20_KE152-KE004-K_UGF320577N_CAA753","2019-09-20_KE152-KE004-K_UGF320577N_CAA753","KE152-KE004-K","UGF320577N","CAA753","K","KE004",4,"KE152",152,"good",0
"5","/Users/ricardopiedrahita/Dropbox/CA(Kenya)/CleanAirAfrica/MicroPEMandECMRawFiles/2019-09-20_KE152-KE004-Y_ECM00466_CAA748",2019-09-20,"2019-09-20_KE152-KE004-Y_ECM00466_CAA748","2019-09-20_KE152-KE004-Y_ECM00466_CAA748","KE152-KE004-Y","ECM00466","CAA748","Y","KE004",4,"KE152",152,"good",0
"6","/Users/ricardopiedrahita/Dropbox/CA(Kenya)/CleanAirAfrica/MicroPEMandECMRawFiles/2019-09-25_KE169-KE008-C_UCC320061N_CAA807",2019-09-25,"2019-09-25_KE169-KE008-C_UCC320061N_CAA807","2019-09-25_KE169-KE008-C_UCC320061N_CAA807","KE169-KE008-C","UCC320061N","CAA807","C","KE008",8,"KE169",169,"good",0
"7","/Users/ricardopiedrahita/Dropbox/CA(Kenya)/CleanAirAfrica/MicroPEMandECMRawFiles/2019-09-25_KE169-KE008-Y_ECM00501_CAA731",2019-09-25,"2019-09-25_KE169-KE008-Y_ECM00501_CAA731","2019-09-25_KE169-KE008-Y_ECM00501_CAA731","KE169-KE008-Y","ECM00501","CAA731","Y","KE008",8,"KE169",169,"good",0
"8","/Users/ricardopiedrahita/Dropbox/CA(Kenya)/CleanAirAfrica/MicroPEMandECMRawFiles/2019-09-26_KE126-KE003-C_UCC320015N_CAA808raw",2019-09-26,"2019-09-26_KE126-KE003-C_UCC320015N_CAA808raw","2019-09-26_KE126-KE003-C_UCC320015N_CAA808raw","KE126-KE003-C","UCC320015N","CAA808raw","C","KE003",3,"KE126",126,"good",0
"9","/Users/ricardopiedrahita/Dropbox/CA(Kenya)/CleanAirAfrica/MicroPEMandECMRawFiles/2019-09-26_KE126-KE003-K_UCC320110F_CAA806raw",2019-09-26,"2019-09-26_KE126-KE003-K_UCC320110F_CAA806raw","2019-09-26_KE126-KE003-K_UCC320110F_CAA806raw","KE126-KE003-K","UCC320110F","CAA806raw","K","KE003",3,"KE126",126,"good",0
"10","/Users/ricardopiedrahita/Dropbox/CA(Kenya)/CleanAirAfrica/MicroPEMandECMRawFiles/2019-09-26_KE157-KE006-C_UCC320129F_CAA841raw",2019-09-26,"2019-09-26_KE157-KE006-C_UCC320129F_CAA841raw","2019-09-26_KE157-KE006-C_UCC320129F_CAA841raw","KE157-KE006-C","UCC320129F","CAA841raw","C","KE006",6,"KE157",157,"good",0
"11","/Users/ricardopiedrahita/Dropbox/CA(Kenya)/CleanAirAfrica/MicroPEMandECMRawFiles/2019-09-26_KE157-KE006-K_UCC320045N_CAA851raw",2019-09-26,"2019-09-26_KE157-KE006-K_UCC320045N_CAA851raw","2019-09-26_KE157-KE006-K_UCC320045N_CAA851raw","KE157-KE006-K","UCC320045N","CAA851raw","K","KE006",6,"KE157",157,"good",0
"12","/Users/ricardopiedrahita/Dropbox/CA(Kenya)/CleanAirAfrica/MicroPEMandECMRawFiles/2019-09-27_KE085-KE0030-K_UCC320036N_CAA832",2019-09-27,"2019-09-27_KE085-KE0030-K_UCC320036N_CAA832","2019-09-27_KE085-KE0030-K_UCC320036N_CAA832","KE085-KE0030-K","UCC320036N","CAA832","K","KE0030",30,"KE085",85,"good",1
"13","/Users/ricardopiedrahita/Dropbox/CA(Kenya)/CleanAirAfrica/MicroPEMandECMRawFiles/2019-09-27_KE085-KE0030-Y_ECM00480_CAA747",2019-09-27,"2019-09-27_KE085-KE0030-Y_ECM00480_CAA747","2019-09-27_KE085-KE0030-Y_ECM00480_CAA747","KE085-KE0030-Y","ECM00480","CAA747","Y","KE0030",30,"KE085",85,"good",1
"14","/Users/ricardopiedrahita/Dropbox/CA(Kenya)/CleanAirAfrica/MicroPEMandECMRawFiles/2019-09-27_KE085-KE03-C_UCC320141F_CAA828",2019-09-27,"2019-09-27_KE085-KE03-C_UCC320141F_CAA828","2019-09-27_KE085-KE03-C_UCC320141F_CAA828","KE085-KE03-C","UCC320141F","CAA828","C","KE03",3,"KE085",85,"good",0
"15","/Users/ricardopiedrahita/Dropbox/CA(Kenya)/CleanAirAfrica/MicroPEMandECMRawFiles/2019-10-02_KE238-KE006-C_UGF320415N_CAA842",2019-10-02,"2019-10-02_KE238-KE006-C_UGF320415N_CAA842","2019-10-02_KE238-KE006-C_UGF320415N_CAA842","KE238-KE006-C","UGF320415N","CAA842","C","KE006",6,"KE238",238,"good",0
"16","/Users/ricardopiedrahita/Dropbox/CA(Kenya)/CleanAirAfrica/MicroPEMandECMRawFiles/2019-10-02_KE238-KE006-K_UGF320612N_CAA835",2019-10-02,"2019-10-02_KE238-KE006-K_UGF320612N_CAA835","2019-10-02_KE238-KE006-K_UGF320612N_CAA835","KE238-KE006-K","UGF320612N","CAA835","K","KE006",6,"KE238",238,"good",0
"17","/Users/ricardopiedrahita/Dropbox/CA(Kenya)/CleanAirAfrica/MicroPEMandECMRawFiles/2019-10-02_KE238-KE006-Y_ECM00473_CAA738",2019-10-02,"2019-10-02_KE238-KE006-Y_ECM00473_CAA738","2019-10-02_KE238-KE006-Y_ECM00473_CAA738","KE238-KE006-Y","ECM00473","CAA738","Y","KE006",6,"KE238",238,"good",0
"18","/Users/ricardopiedrahita/Dropbox/CA(Kenya)/CleanAirAfrica/MicroPEMandECMRawFiles/2019-10-09_KE157-KE006-C_UGF320502N_CAA763raw",2019-10-09,"2019-10-09_KE157-KE006-C_UGF320502N_CAA763raw","2019-10-09_KE157-KE006-C_UGF320502N_CAA763raw","KE157-KE006-C","UGF320502N","CAA763raw","C","KE006",6,"KE157",157,"good",0
"19","/Users/ricardopiedrahita/Dropbox/CA(Kenya)/CleanAirAfrica/MicroPEMandECMRawFiles/2019-10-09_KE157-KE006-K_UCC320110F_CAA844raw",2019-10-09,"2019-10-09_KE157-KE006-K_UCC320110F_CAA844raw","2019-10-09_KE157-KE006-K_UCC320110F_CAA844raw","KE157-KE006-K","UCC320110F","CAA844raw","K","KE006",6,"KE157",157,"good",0
"20","/Users/ricardopiedrahita/Dropbox/CA(Kenya)/CleanAirAfrica/MicroPEMandECMRawFiles/2019-10-09_KE157-KE006-Y_ECM00501_CAA727raw",2019-10-09,"2019-10-09_KE157-KE006-Y_ECM00501_CAA727raw","2019-10-09_KE157-KE006-Y_ECM00501_CAA727raw","KE157-KE006-Y","ECM00501","CAA727raw","Y","KE006",6,"KE157",157,"good",0
"21","/Users/ricardopiedrahita/Dropbox/CA(Kenya)/CleanAirAfrica/MicroPEMandECMRawFiles/2019-10-15_KE219-KE07-C_UCC320259N_CAA827raw",2019-10-15,"2019-10-15_KE219-KE07-C_UCC320259N_CAA827raw","2019-10-15_KE219-KE07-C_UCC320259N_CAA827raw","KE219-KE07-C","UCC320259N","CAA827raw","C","KE07",7,"KE219",219,"good",0
"22","/Users/ricardopiedrahita/Dropbox/CA(Kenya)/CleanAirAfrica/MicroPEMandECMRawFiles/2019-10-15_KE219-KE07-K_UCC320168F_CAA836raw",2019-10-15,"2019-10-15_KE219-KE07-K_UCC320168F_CAA836raw","2019-10-15_KE219-KE07-K_UCC320168F_CAA836raw","KE219-KE07-K","UCC320168F","CAA836raw","K","KE07",7,"KE219",219,"good",0
"23","/Users/ricardopiedrahita/Dropbox/CA(Kenya)/CleanAirAfrica/MicroPEMandECMRawFiles/2019-10-15_KE229-KE06-C_UGF320490N_CAA751raw",2019-10-15,"2019-10-15_KE229-KE06-C_UGF320490N_CAA751raw","2019-10-15_KE229-KE06-C_UGF320490N_CAA751raw","KE229-KE06-C","UGF320490N","CAA751raw","C","KE06",6,"KE229",229,"good",0
"24","/Users/ricardopiedrahita/Dropbox/CA(Kenya)/CleanAirAfrica/MicroPEMandECMRawFiles/2019-10-15_KE229-KE06-K_UCC320061N_CAA850raw",2019-10-15,"2019-10-15_KE229-KE06-K_UCC320061N_CAA850raw","2019-10-15_KE229-KE06-K_UCC320061N_CAA850raw","KE229-KE06-K","UCC320061N","CAA850raw","K","KE06",6,"KE229",229,"good",0
"25","/Users/ricardopiedrahita/Dropbox/CA(Kenya)/CleanAirAfrica/MicroPEMandECMRawFiles/2019-10-15_KE229-KE06-Y_ECM00480_CAA679raw",2019-10-15,"2019-10-15_KE229-KE06-Y_ECM00480_CAA679raw","2019-10-15_KE229-KE06-Y_ECM00480_CAA679raw","KE229-KE06-Y","ECM00480","CAA679raw","Y","KE06",6,"KE229",229,"good",0
"26","/Users/ricardopiedrahita/Dropbox/CA(Kenya)/CleanAirAfrica/MicroPEMandECMRawFiles/2019-10-16_KE025-KE005-C_UGF320415N_CAA856",2019-10-16,"2019-10-16_KE025-KE005-C_UGF320415N_CAA856","2019-10-16_KE025-KE005-C_UGF320415N_CAA856","KE025-KE005-C","UGF320415N","CAA856","C","KE005",5,"KE025",25,"good",0
"27","/Users/ricardopiedrahita/Dropbox/CA(Kenya)/CleanAirAfrica/MicroPEMandECMRawFiles/2019-10-16_KE025-KE005-K_UGF320508N_CAA820",2019-10-16,"2019-10-16_KE025-KE005-K_UGF320508N_CAA820","2019-10-16_KE025-KE005-K_UGF320508N_CAA820","KE025-KE005-K","UGF320508N","CAA820","K","KE005",5,"KE025",25,"good",0
"28","/Users/ricardopiedrahita/Dropbox/CA(Kenya)/CleanAirAfrica/MicroPEMandECMRawFiles/2019-10-16_KE025-KE005-Y_ECM00498_CAA678",2019-10-16,"2019-10-16_KE025-KE005-Y_ECM00498_CAA678","2019-10-16_KE025-KE005-Y_ECM00498_CAA678","KE025-KE005-Y","ECM00498","CAA678","Y","KE005",5,"KE025",25,"good",0
"29","/Users/ricardopiedrahita/Dropbox/CA(Kenya)/CleanAirAfrica/MicroPEMandECMRawFiles/2019-10-16_KE026-KE005-C_UGF320609N_CAA805",2019-10-16,"2019-10-16_KE026-KE005-C_UGF320609N_CAA805","2019-10-16_KE026-KE005-C_UGF320609N_CAA805","KE026-KE005-C","UGF320609N","CAA805","C","KE005",5,"KE026",26,"good",0
"30","/Users/ricardopiedrahita/Dropbox/CA(Kenya)/CleanAirAfrica/MicroPEMandECMRawFiles/2019-10-16_KE026-KE005-K_UCC320170F_CAA818",2019-10-16,"2019-10-16_KE026-KE005-K_UCC320170F_CAA818","2019-10-16_KE026-KE005-K_UCC320170F_CAA818","KE026-KE005-K","UCC320170F","CAA818","K","KE005",5,"KE026",26,"good",0
"31","/Users/ricardopiedrahita/Dropbox/CA(Kenya)/CleanAirAfrica/MicroPEMandECMRawFiles/2019-10-16_KE026-KE005-Y_ECM00115_CAA741",2019-10-16,"2019-10-16_KE026-KE005-Y_ECM00115_CAA741","2019-10-16_KE026-KE005-Y_ECM00115_CAA741","KE026-KE005-Y","ECM00115","CAA741","Y","KE005",5,"KE026",26,"good",0
"32","/Users/ricardopiedrahita/Dropbox/CA(Kenya)/CleanAirAfrica/MicroPEMandECMRawFiles/2019-10-16_KE053-KE009-C_UCC320139F_CAA810",2019-10-16,"2019-10-16_KE053-KE009-C_UCC320139F_CAA810","2019-10-16_KE053-KE009-C_UCC320139F_CAA810","KE053-KE009-C","UCC320139F","CAA810","C","KE009",9,"KE053",53,"good",0
"33","/Users/ricardopiedrahita/Dropbox/CA(Kenya)/CleanAirAfrica/MicroPEMandECMRawFiles/2019-10-16_KE053-KE009-K_UCC320036N_CAA824",2019-10-16,"2019-10-16_KE053-KE009-K_UCC320036N_CAA824","2019-10-16_KE053-KE009-K_UCC320036N_CAA824","KE053-KE009-K","UCC320036N","CAA824","K","KE009",9,"KE053",53,"good",0
"34","/Users/ricardopiedrahita/Dropbox/CA(Kenya)/CleanAirAfrica/MicroPEMandECMRawFiles/2019-10-16_KE053-KE009-Y_ECM00465_CAA739",2019-10-16,"2019-10-16_KE053-KE009-Y_ECM00465_CAA739","2019-10-16_KE053-KE009-Y_ECM00465_CAA739","KE053-KE009-Y","ECM00465","CAA739","Y","KE009",9,"KE053",53,"good",0
"35","/Users/ricardopiedrahita/Dropbox/CA(Kenya)/CleanAirAfrica/MicroPEMandECMRawFiles/2019-10-17_KE199-KE008-C_UCC320080N_CAA757raw",2019-10-17,"2019-10-17_KE199-KE008-C_UCC320080N_CAA757raw","2019-10-17_KE199-KE008-C_UCC320080N_CAA757raw","KE199-KE008-C","UCC320080N","CAA757raw","C","KE008",8,"KE199",199,"good",0
"36","/Users/ricardopiedrahita/Dropbox/CA(Kenya)/CleanAirAfrica/MicroPEMandECMRawFiles/2019-10-17_KE199-KE008-K_UCC320168F_CAA817raw",2019-10-17,"2019-10-17_KE199-KE008-K_UCC320168F_CAA817raw","2019-10-17_KE199-KE008-K_UCC320168F_CAA817raw","KE199-KE008-K","UCC320168F","CAA817raw","K","KE008",8,"KE199",199,"good",0
"37","/Users/ricardopiedrahita/Dropbox/CA(Kenya)/CleanAirAfrica/MicroPEMandECMRawFiles/2019-10-17_KE199-KE008-Y_ECM00503_CAA745raw",2019-10-17,"2019-10-17_KE199-KE008-Y_ECM00503_CAA745raw","2019-10-17_KE199-KE008-Y_ECM00503_CAA745raw","KE199-KE008-Y","ECM00503","CAA745raw","Y","KE008",8,"KE199",199,"good",0
"38","/Users/ricardopiedrahita/Dropbox/CA(Kenya)/CleanAirAfrica/MicroPEMandECMRawFiles/2019-10-18_KE026-KE009-C_UGF320508N_CAA834",2019-10-18,"2019-10-18_KE026-KE009-C_UGF320508N_CAA834","2019-10-18_KE026-KE009-C_UGF320508N_CAA834","KE026-KE009-C","UGF320508N","CAA834","C","KE009",9,"KE026",26,"good",0
"39","/Users/ricardopiedrahita/Dropbox/CA(Kenya)/CleanAirAfrica/MicroPEMandECMRawFiles/2019-10-18_KE026-KE009-K_UCC320159F_CAA826",2019-10-18,"2019-10-18_KE026-KE009-K_UCC320159F_CAA826","2019-10-18_KE026-KE009-K_UCC320159F_CAA826","KE026-KE009-K","UCC320159F","CAA826","K","KE009",9,"KE026",26,"good",0
"40","/Users/ricardopiedrahita/Dropbox/CA(Kenya)/CleanAirAfrica/MicroPEMandECMRawFiles/2019-10-18_KE026-KE009-Y_ECM00465_CAA734raw",2019-10-18,"2019-10-18_KE026-KE009-Y_ECM00465_CAA734raw","2019-10-18_KE026-KE009-Y_ECM00465_CAA734raw","KE026-KE009-Y","ECM00465","CAA734raw","Y","KE009",9,"KE026",26,"good",0
"41","/Users/ricardopiedrahita/Dropbox/CA(Kenya)/CleanAirAfrica/MicroPEMandECMRawFiles/2019-10-18_KE177-KE006-C_UCC320170F_CAA823raw",2019-10-18,"2019-10-18_KE177-KE006-C_UCC320170F_CAA823raw","2019-10-18_KE177-KE006-C_UCC320170F_CAA823raw","KE177-KE006-C","UCC320170F","CAA823raw","C","KE006",6,"KE177",177,"good",0
"42","/Users/ricardopiedrahita/Dropbox/CA(Kenya)/CleanAirAfrica/MicroPEMandECMRawFiles/2019-10-18_KE177-KE006-K_UCC320084N_CAA814raw",2019-10-18,"2019-10-18_KE177-KE006-K_UCC320084N_CAA814raw","2019-10-18_KE177-KE006-K_UCC320084N_CAA814raw","KE177-KE006-K","UCC320084N","CAA814raw","K","KE006",6,"KE177",177,"good",0
"43","/Users/ricardopiedrahita/Dropbox/CA(Kenya)/CleanAirAfrica/MicroPEMandECMRawFiles/2019-10-18_KE177-KE006-Y_ECM00498_CAA746raw",2019-10-18,"2019-10-18_KE177-KE006-Y_ECM00498_CAA746raw","2019-10-18_KE177-KE006-Y_ECM00498_CAA746raw","KE177-KE006-Y","ECM00498","CAA746raw","Y","KE006",6,"KE177",177,"good",0
"44","/Users/ricardopiedrahita/Dropbox/CA(Kenya)/CleanAirAfrica/MicroPEMandECMRawFiles/2019-10-18_KE201-KE007-C_UCC320116F_CAA822raw",2019-10-18,"2019-10-18_KE201-KE007-C_UCC320116F_CAA822raw","2019-10-18_KE201-KE007-C_UCC320116F_CAA822raw","KE201-KE007-C","UCC320116F","CAA822raw","C","KE007",7,"KE201",201,"good",0
"45","/Users/ricardopiedrahita/Dropbox/CA(Kenya)/CleanAirAfrica/MicroPEMandECMRawFiles/2019-10-18_KE201-KE007-K_UCC320141F_CAA804raw",2019-10-18,"2019-10-18_KE201-KE007-K_UCC320141F_CAA804raw","2019-10-18_KE201-KE007-K_UCC320141F_CAA804raw","KE201-KE007-K","UCC320141F","CAA804raw","K","KE007",7,"KE201",201,"good",0
"46","/Users/ricardopiedrahita/Dropbox/CA(Kenya)/CleanAirAfrica/MicroPEMandECMRawFiles/2019-10-18_KE201-KE007-Y_ECM00469_CAA730raw",2019-10-18,"2019-10-18_KE201-KE007-Y_ECM00469_CAA730raw","2019-10-18_KE201-KE007-Y_ECM00469_CAA730raw","KE201-KE007-Y","ECM00469","CAA730raw","Y","KE007",7,"KE201",201,"good",0
"47","/Users/ricardopiedrahita/Dropbox/CA(Kenya)/CleanAirAfrica/MicroPEMandECMRawFiles/2019-10-25_KE190-KE004-C_UCC320045N_CAA855raw",2019-10-25,"2019-10-25_KE190-KE004-C_UCC320045N_CAA855raw","2019-10-25_KE190-KE004-C_UCC320045N_CAA855raw","KE190-KE004-C","UCC320045N","CAA855raw","C","KE004",4,"KE190",190,"good",0
"48","/Users/ricardopiedrahita/Dropbox/CA(Kenya)/CleanAirAfrica/MicroPEMandECMRawFiles/2019-10-25_KE023-KE005-C_UCC320129F_CAA534raw",2019-10-25,"2019-10-25_KE023-KE005-C_UCC320129F_CAA534raw","2019-10-25_KE023-KE005-C_UCC320129F_CAA534raw","KE023-KE005-C","UCC320129F","CAA534raw","C","KE005",5,"KE023",23,"good",0
"49","/Users/ricardopiedrahita/Dropbox/CA(Kenya)/CleanAirAfrica/MicroPEMandECMRawFiles/2019-10-25_KE023-KE005-K_UGF320490N_CAA533raw",2019-10-25,"2019-10-25_KE023-KE005-K_UGF320490N_CAA533raw","2019-10-25_KE023-KE005-K_UGF320490N_CAA533raw","KE023-KE005-K","UGF320490N","CAA533raw","K","KE005",5,"KE023",23,"good",0
"50","/Users/ricardopiedrahita/Dropbox/CA(Kenya)/CleanAirAfrica/MicroPEMandECMRawFiles/2019-10-25_KE023-KE005-Y_ECM00491_CAA687raw",2019-10-25,"2019-10-25_KE023-KE005-Y_ECM00491_CAA687raw","2019-10-25_KE023-KE005-Y_ECM00491_CAA687raw","KE023-KE005-Y","ECM00491","CAA687raw","Y","KE005",5,"KE023",23,"good",0
"51","/Users/ricardopiedrahita/Dropbox/CA(Kenya)/CleanAirAfrica/MicroPEMandECMRawFiles/2019-10-25_KE025-KE005-C_UCC320116F_CAA837raw",2019-10-25,"2019-10-25_KE025-KE005-C_UCC320116F_CAA837raw","2019-10-25_KE025-KE005-C_UCC320116F_CAA837raw","KE025-KE005-C","UCC320116F","CAA837raw","C","KE005",5,"KE025",25,"good",0
"52","/Users/ricardopiedrahita/Dropbox/CA(Kenya)/CleanAirAfrica/MicroPEMandECMRawFiles/2019-10-25_KE025-KE005-Y_ECM00055_CAA744",2019-10-25,"2019-10-25_KE025-KE005-Y_ECM00055_CAA744","2019-10-25_KE025-KE005-Y_ECM00055_CAA744","KE025-KE005-Y","ECM00055","CAA744","Y","KE005",5,"KE025",25,"good",0
"53","/Users/ricardopiedrahita/Dropbox/CA(Kenya)/CleanAirAfrica/MicroPEMandECMRawFiles/2019-10-25_KE028-KE009-C_UCC320139F_CAA572",2019-10-25,"2019-10-25_KE028-KE009-C_UCC320139F_CAA572","2019-10-25_KE028-KE009-C_UCC320139F_CAA572","KE028-KE009-C","UCC320139F","CAA572","C","KE009",9,"KE028",28,"good",0
"54","/Users/ricardopiedrahita/Dropbox/CA(Kenya)/CleanAirAfrica/MicroPEMandECMRawFiles/2019-10-25_KE028-KE009-K_UGF320612N_CAA554",2019-10-25,"2019-10-25_KE028-KE009-K_UGF320612N_CAA554","2019-10-25_KE028-KE009-K_UGF320612N_CAA554","KE028-KE009-K","UGF320612N","CAA554","K","KE009",9,"KE028",28,"good",0
"55","/Users/ricardopiedrahita/Dropbox/CA(Kenya)/CleanAirAfrica/MicroPEMandECMRawFiles/2019-10-25_KE028-KE009-Y_ECM00503_CAA708",2019-10-25,"2019-10-25_KE028-KE009-Y_ECM00503_CAA708","2019-10-25_KE028-KE009-Y_ECM00503_CAA708","KE028-KE009-Y","ECM00503","CAA708","Y","KE009",9,"KE028",28,"good",0
"56","/Users/ricardopiedrahita/Dropbox/CA(Kenya)/CleanAirAfrica/MicroPEMandECMRawFiles/2019-10-25_KE190-KE004-K-UGF320431N_CAA847raw",2019-10-25,"2019-10-25_KE190-KE004-K-UGF320431N_CAA847raw","2019-10-25_KE190-KE004-K-UGF320431N_CAA847raw","KE190-KE004-K-UGF320431N","CAA847raw",NA,"K","KE004",4,"KE190",190,"good",1
"57","/Users/ricardopiedrahita/Dropbox/CA(Kenya)/CleanAirAfrica/MicroPEMandECMRawFiles/2019-10-25_KE190-KE004-Y_ECM00466_CAA601raw",2019-10-25,"2019-10-25_KE190-KE004-Y_ECM00466_CAA601raw","2019-10-25_KE190-KE004-Y_ECM00466_CAA601raw","KE190-KE004-Y","ECM00466","CAA601raw","Y","KE004",4,"KE190",190,"good",0
"58","/Users/ricardopiedrahita/Dropbox/CA(Kenya)/CleanAirAfrica/MicroPEMandECMRawFiles/2019-10-25_KE196-KE008-C_UCC320159F_CAA752raw",2019-10-25,"2019-10-25_KE196-KE008-C_UCC320159F_CAA752raw","2019-10-25_KE196-KE008-C_UCC320159F_CAA752raw","KE196-KE008-C","UCC320159F","CAA752raw","C","KE008",8,"KE196",196,"good",0
"59","/Users/ricardopiedrahita/Dropbox/CA(Kenya)/CleanAirAfrica/MicroPEMandECMRawFiles/2019-10-25_KE196-KE008-K_UCC320170F_CAA849raw",2019-10-25,"2019-10-25_KE196-KE008-K_UCC320170F_CAA849raw","2019-10-25_KE196-KE008-K_UCC320170F_CAA849raw","KE196-KE008-K","UCC320170F","CAA849raw","K","KE008",8,"KE196",196,"good",0
"60","/Users/ricardopiedrahita/Dropbox/CA(Kenya)/CleanAirAfrica/MicroPEMandECMRawFiles/2019-10-25_KE196-KE008-Y_ECM00498_CAA726raw",2019-10-25,"2019-10-25_KE196-KE008-Y_ECM00498_CAA726raw","2019-10-25_KE196-KE008-Y_ECM00498_CAA726raw","KE196-KE008-Y","ECM00498","CAA726raw","Y","KE008",8,"KE196",196,"good",0
"61","/Users/ricardopiedrahita/Dropbox/CA(Kenya)/CleanAirAfrica/MicroPEMandECMRawFiles/2019-10-25_KE199-KE006-C_UCC320084N_CAA821raw",2019-10-25,"2019-10-25_KE199-KE006-C_UCC320084N_CAA821raw","2019-10-25_KE199-KE006-C_UCC320084N_CAA821raw","KE199-KE006-C","UCC320084N","CAA821raw","C","KE006",6,"KE199",199,"good",0
"62","/Users/ricardopiedrahita/Dropbox/CA(Kenya)/CleanAirAfrica/MicroPEMandECMRawFiles/2019-10-25_KE199-KE006-K_UGF320508N_CAA853raw",2019-10-25,"2019-10-25_KE199-KE006-K_UGF320508N_CAA853raw","2019-10-25_KE199-KE006-K_UGF320508N_CAA853raw","KE199-KE006-K","UGF320508N","CAA853raw","K","KE006",6,"KE199",199,"good",0
"63","/Users/ricardopiedrahita/Dropbox/CA(Kenya)/CleanAirAfrica/MicroPEMandECMRawFiles/2019-10-25_KE199-KE006-Y_ECM00469_CAA740raw",2019-10-25,"2019-10-25_KE199-KE006-Y_ECM00469_CAA740raw","2019-10-25_KE199-KE006-Y_ECM00469_CAA740raw","KE199-KE006-Y","ECM00469","CAA740raw","Y","KE006",6,"KE199",199,"good",0
"64","/Users/ricardopiedrahita/Dropbox/CA(Kenya)/CleanAirAfrica/MicroPEMandECMRawFiles/2019-10-25_KE201-KE004-C_UCC320080N_CAA538raw",2019-10-25,"2019-10-25_KE201-KE004-C_UCC320080N_CAA538raw","2019-10-25_KE201-KE004-C_UCC320080N_CAA538raw","KE201-KE004-C","UCC320080N","CAA538raw","C","KE004",4,"KE201",201,"good",0
"65","/Users/ricardopiedrahita/Dropbox/CA(Kenya)/CleanAirAfrica/MicroPEMandECMRawFiles/2019-10-25_KE201-KE004-K_UGF320415N_CAA537raw",2019-10-25,"2019-10-25_KE201-KE004-K_UGF320415N_CAA537raw","2019-10-25_KE201-KE004-K_UGF320415N_CAA537raw","KE201-KE004-K","UGF320415N","CAA537raw","K","KE004",4,"KE201",201,"good",0
"66","/Users/ricardopiedrahita/Dropbox/CA(Kenya)/CleanAirAfrica/MicroPEMandECMRawFiles/2019-10-25_KE201-KE004-Y_ECM00480_CAA724raw",2019-10-25,"2019-10-25_KE201-KE004-Y_ECM00480_CAA724raw","2019-10-25_KE201-KE004-Y_ECM00480_CAA724raw","KE201-KE004-Y","ECM00480","CAA724raw","Y","KE004",4,"KE201",201,"good",0
"67","/Users/ricardopiedrahita/Dropbox/CA(Kenya)/CleanAirAfrica/MicroPEMandECMRawFiles/2019-10-25_KE219-KE007-C_UGF320259N-CAA840raw",2019-10-25,"2019-10-25_KE219-KE007-C_UGF320259N-CAA840raw","2019-10-25_KE219-KE007-C_UGF320259N-CAA840raw","KE219-KE007-C","UGF320259N-CAA840raw",NA,"C","KE007",7,"KE219",219,"good",1
"68","/Users/ricardopiedrahita/Dropbox/CA(Kenya)/CleanAirAfrica/MicroPEMandECMRawFiles/2019-10-25_KE219-KE007-K_UGF320502N-CAA819raw",2019-10-25,"2019-10-25_KE219-KE007-K_UGF320502N-CAA819raw","2019-10-25_KE219-KE007-K_UGF320502N-CAA819raw","KE219-KE007-K","UGF320502N-CAA819raw",NA,"K","KE007",7,"KE219",219,"good",1
"69","/Users/ricardopiedrahita/Dropbox/CA(Kenya)/CleanAirAfrica/MicroPEMandECMRawFiles/2019-10-29_ECM00480_CAA679",2019-10-29,"2019-10-29_ECM00480_CAA679","2019-10-29_ECM00480_CAA679","ECM00480","CAA679",NA,NA,NA,NA,"ECM00480",480,"good",1
"70","/Users/ricardopiedrahita/Dropbox/CA(Kenya)/CleanAirAfrica/MicroPEMandECMRawFiles/2019-10-29_KE117-KE002-C_UCC320129F_CAA521raw",2019-10-29,"2019-10-29_KE117-KE002-C_UCC320129F_CAA521raw","2019-10-29_KE117-KE002-C_UCC320129F_CAA521raw","KE117-KE002-C","UCC320129F","CAA521raw","C","KE002",2,"KE117",117,"good",0
"71","/Users/ricardopiedrahita/Dropbox/CA(Kenya)/CleanAirAfrica/MicroPEMandECMRawFiles/2019-10-29_KE117-KE002-Y_ECM00469_CAA722raw",2019-10-29,"2019-10-29_KE117-KE002-Y_ECM00469_CAA722raw","2019-10-29_KE117-KE002-Y_ECM00469_CAA722raw","KE117-KE002-Y","ECM00469","CAA722raw","Y","KE002",2,"KE117",117,"good",0
"72","/Users/ricardopiedrahita/Dropbox/CA(Kenya)/CleanAirAfrica/MicroPEMandECMRawFiles/2019-10-29_KE148-KE003-C_UGF320577N_CAA536raw",2019-10-29,"2019-10-29_KE148-KE003-C_UGF320577N_CAA536raw","2019-10-29_KE148-KE003-C_UGF320577N_CAA536raw","KE148-KE003-C","UGF320577N","CAA536raw","C","KE003",3,"KE148",148,"good",0
"73","/Users/ricardopiedrahita/Dropbox/CA(Kenya)/CleanAirAfrica/MicroPEMandECMRawFiles/2019-10-29_KE148-KE003-Y_ECM00055_CAA718raw",2019-10-29,"2019-10-29_KE148-KE003-Y_ECM00055_CAA718raw","2019-10-29_KE148-KE003-Y_ECM00055_CAA718raw","KE148-KE003-Y","ECM00055","CAA718raw","Y","KE003",3,"KE148",148,"good",0
"74","/Users/ricardopiedrahita/Dropbox/CA(Kenya)/CleanAirAfrica/MicroPEMandECMRawFiles/2019-10-29_KE220-KE003-C_UCC320159F_CAA540raw",2019-10-29,"2019-10-29_KE220-KE003-C_UCC320159F_CAA540raw","2019-10-29_KE220-KE003-C_UCC320159F_CAA540raw","KE220-KE003-C","UCC320159F","CAA540raw","C","KE003",3,"KE220",220,"good",0
"75","/Users/ricardopiedrahita/Dropbox/CA(Kenya)/CleanAirAfrica/MicroPEMandECMRawFiles/2019-10-29_KE220-KE003-K_UGF320431N_CAA571raw",2019-10-29,"2019-10-29_KE220-KE003-K_UGF320431N_CAA571raw","2019-10-29_KE220-KE003-K_UGF320431N_CAA571raw","KE220-KE003-K","UGF320431N","CAA571raw","K","KE003",3,"KE220",220,"good",0
"76","/Users/ricardopiedrahita/Dropbox/CA(Kenya)/CleanAirAfrica/MicroPEMandECMRawFiles/2019-10-29_KE220-KE003-Y_ECM00466_CAA721raw",2019-10-29,"2019-10-29_KE220-KE003-Y_ECM00466_CAA721raw","2019-10-29_KE220-KE003-Y_ECM00466_CAA721raw","KE220-KE003-Y","ECM00466","CAA721raw","Y","KE003",3,"KE220",220,"good",0
"77","/Users/ricardopiedrahita/Dropbox/CA(Kenya)/CleanAirAfrica/MicroPEMandECMRawFiles/ECM00055_CAA718",NA,"ECM00055_CAA718","ECM00055_CAA718","CAA718",NA,NA,NA,NA,NA,"CAA718",718,"good",1
"78","/Users/ricardopiedrahita/Dropbox/CA(Kenya)/CleanAirAfrica/MicroPEMandECMRawFiles/ECM00466_CAA721",NA,"ECM00466_CAA721","ECM00466_CAA721","CAA721",NA,NA,NA,NA,NA,"CAA721",721,"good",1
"79","/Users/ricardopiedrahita/Dropbox/CA(Kenya)/CleanAirAfrica/MicroPEMandECMRawFiles/ECM00466_CAA748",NA,"ECM00466_CAA748","ECM00466_CAA748","CAA748",NA,NA,NA,NA,NA,"CAA748",748,"good",1
"80","/Users/ricardopiedrahita/Dropbox/CA(Kenya)/CleanAirAfrica/MicroPEMandECMRawFiles/ECM00469_CAA722",NA,"ECM00469_CAA722","ECM00469_CAA722","CAA722",NA,NA,NA,NA,NA,"CAA722",722,"good",1
"81","/Users/ricardopiedrahita/Dropbox/CA(Kenya)/CleanAirAfrica/MicroPEMandECMRawFiles/ECM00480_CAA747",NA,"ECM00480_CAA747","ECM00480_CAA747","CAA747",NA,NA,NA,NA,NA,"CAA747",747,"good",1
"82","/Users/ricardopiedrahita/Dropbox/CA(Kenya)/CleanAirAfrica/MicroPEMandECMRawFiles/ECM00501_CAA731",NA,"ECM00501_CAA731","ECM00501_CAA731","CAA731",NA,NA,NA,NA,NA,"CAA731",731,"good",1
"83","/Users/ricardopiedrahita/Dropbox/CA(Kenya)/CleanAirAfrica/MicroPEMandECMRawFiles/MicroPEM_092619_101518raw",NA,"MicroPEM_092619_101518raw","MicroPEM_092619_101518raw","092619","101518raw",NA,NA,NA,NA,"092619",92619,"good",1
"84","/Users/ricardopiedrahita/Dropbox/CA(Kenya)/CleanAirAfrica/MicroPEMandECMRawFiles/MicroPEM_092619_101641raw",NA,"MicroPEM_092619_101641raw","MicroPEM_092619_101641raw","092619","101641raw",NA,NA,NA,NA,"092619",92619,"good",1
"85","/Users/ricardopiedrahita/Dropbox/CA(Kenya)/CleanAirAfrica/MicroPEMandECMRawFiles/MicroPEM_102919_175759",NA,"MicroPEM_102919_175759","MicroPEM_102919_175759","102919","175759",NA,NA,NA,NA,"102919",102919,"good",1
"86","/Users/ricardopiedrahita/Dropbox/CA(Kenya)/CleanAirAfrica/MicroPEMandECMRawFiles/MicroPEM_102919_175759raw",NA,"MicroPEM_102919_175759raw","MicroPEM_102919_175759raw","102919","175759raw",NA,NA,NA,NA,"102919",102919,"good",1
"87","/Users/ricardopiedrahita/Dropbox/CA(Kenya)/CleanAirAfrica/MicroPEMandECMRawFiles/UCC320015N_CAA808",NA,"UCC320015N_CAA808","UCC320015N_CAA808","CAA808",NA,NA,NA,NA,NA,"CAA808",808,"good",1
"88","/Users/ricardopiedrahita/Dropbox/CA(Kenya)/CleanAirAfrica/MicroPEMandECMRawFiles/UCC320045N_CAA544",NA,"UCC320045N_CAA544","UCC320045N_CAA544","CAA544",NA,NA,NA,NA,NA,"CAA544",544,"good",1
"89","/Users/ricardopiedrahita/Dropbox/CA(Kenya)/CleanAirAfrica/MicroPEMandECMRawFiles/UCC320045N_CAA851",NA,"UCC320045N_CAA851","UCC320045N_CAA851","CAA851",NA,NA,NA,NA,NA,"CAA851",851,"good",1
"90","/Users/ricardopiedrahita/Dropbox/CA(Kenya)/CleanAirAfrica/MicroPEMandECMRawFiles/UCC320061N_CAA807",NA,"UCC320061N_CAA807","UCC320061N_CAA807","CAA807",NA,NA,NA,NA,NA,"CAA807",807,"good",1
"91","/Users/ricardopiedrahita/Dropbox/CA(Kenya)/CleanAirAfrica/MicroPEMandECMRawFiles/UCC320061N_CAA850",NA,"UCC320061N_CAA850","UCC320061N_CAA850","CAA850",NA,NA,NA,NA,NA,"CAA850",850,"good",1
"92","/Users/ricardopiedrahita/Dropbox/CA(Kenya)/CleanAirAfrica/MicroPEMandECMRawFiles/UCC320080N_CAA846",NA,"UCC320080N_CAA846","UCC320080N_CAA846","CAA846",NA,NA,NA,NA,NA,"CAA846",846,"good",1
"93","/Users/ricardopiedrahita/Dropbox/CA(Kenya)/CleanAirAfrica/MicroPEMandECMRawFiles/UCC320110F_CAA806",NA,"UCC320110F_CAA806","UCC320110F_CAA806","CAA806",NA,NA,NA,NA,NA,"CAA806",806,"good",1
"94","/Users/ricardopiedrahita/Dropbox/CA(Kenya)/CleanAirAfrica/MicroPEMandECMRawFiles/UCC320110F_ZIPPYRA",NA,"UCC320110F_ZIPPYRA","UCC320110F_ZIPPYRA","ZIPPYRA",NA,NA,NA,NA,NA,"ZIPPYRA",NA,"good",1
"95","/Users/ricardopiedrahita/Dropbox/CA(Kenya)/CleanAirAfrica/MicroPEMandECMRawFiles/UCC320129F_CAA521",NA,"UCC320129F_CAA521","UCC320129F_CAA521","CAA521",NA,NA,NA,NA,NA,"CAA521",521,"good",1
"96","/Users/ricardopiedrahita/Dropbox/CA(Kenya)/CleanAirAfrica/MicroPEMandECMRawFiles/UCC320129F_CAA841",NA,"UCC320129F_CAA841","UCC320129F_CAA841","CAA841",NA,NA,NA,NA,NA,"CAA841",841,"good",1
"97","/Users/ricardopiedrahita/Dropbox/CA(Kenya)/CleanAirAfrica/MicroPEMandECMRawFiles/UCC320141F_CAA328",NA,"UCC320141F_CAA328","UCC320141F_CAA328","CAA328",NA,NA,NA,NA,NA,"CAA328",328,"good",1
"98","/Users/ricardopiedrahita/Dropbox/CA(Kenya)/CleanAirAfrica/MicroPEMandECMRawFiles/UCC320159F_CAA540",NA,"UCC320159F_CAA540","UCC320159F_CAA540","CAA540",NA,NA,NA,NA,NA,"CAA540",540,"good",1
"99","/Users/ricardopiedrahita/Dropbox/CA(Kenya)/CleanAirAfrica/MicroPEMandECMRawFiles/UCC320159F_CAA801",NA,"UCC320159F_CAA801","UCC320159F_CAA801","CAA801",NA,NA,NA,NA,NA,"CAA801",801,"good",1
"100","/Users/ricardopiedrahita/Dropbox/CA(Kenya)/CleanAirAfrica/MicroPEMandECMRawFiles/UCC320168F_CAA836",NA,"UCC320168F_CAA836","UCC320168F_CAA836","CAA836",NA,NA,NA,NA,NA,"CAA836",836,"good",1
"101","/Users/ricardopiedrahita/Dropbox/CA(Kenya)/CleanAirAfrica/MicroPEMandECMRawFiles/UCC320259N_CAA827",NA,"UCC320259N_CAA827","UCC320259N_CAA827","CAA827",NA,NA,NA,NA,NA,"CAA827",827,"good",1
"102","/Users/ricardopiedrahita/Dropbox/CA(Kenya)/CleanAirAfrica/MicroPEMandECMRawFiles/UGF320431N_CAA571",NA,"UGF320431N_CAA571","UGF320431N_CAA571","CAA571",NA,NA,NA,NA,NA,"CAA571",571,"good",1
"103","/Users/ricardopiedrahita/Dropbox/CA(Kenya)/CleanAirAfrica/MicroPEMandECMRawFiles/UGF320490N_CAA751",NA,"UGF320490N_CAA751","UGF320490N_CAA751","CAA751",NA,NA,NA,NA,NA,"CAA751",751,"good",1
"104","/Users/ricardopiedrahita/Dropbox/CA(Kenya)/CleanAirAfrica/MicroPEMandECMRawFiles/UGF320569N_TESTraw",NA,"UGF320569N_TESTraw","UGF320569N_TESTraw","TESTraw",NA,NA,NA,NA,NA,"TESTraw",NA,"good",1
"105","/Users/ricardopiedrahita/Dropbox/CA(Kenya)/CleanAirAfrica/MicroPEMandECMRawFiles/UGF320577N_CAA536",NA,"UGF320577N_CAA536","UGF320577N_CAA536","CAA536",NA,NA,NA,NA,NA,"CAA536",536,"good",1
"106","/Users/ricardopiedrahita/Dropbox/CA(Kenya)/CleanAirAfrica/MicroPEMandECMRawFiles/UGF320577N_CAA753",NA,"UGF320577N_CAA753","UGF320577N_CAA753","CAA753",NA,NA,NA,NA,NA,"CAA753",753,"good",1
"107","/Users/ricardopiedrahita/Dropbox/CA(Kenya)/UNOPs/Datafromtheteam/PATS+/AmbientP+/2019-09-20_KE777-KE013-A_7305",2019-09-20,"2019-09-20_KE777-KE013-A_7305","2019-09-20_KE777-KE013-A_7305","KE777-KE013-A","7305",NA,"A","KE013",13,"KE777",777,"good",1
"108","/Users/ricardopiedrahita/Dropbox/CA(Kenya)/UNOPs/Datafromtheteam/PATS+/AmbientP+/2019-09-27_KE777-KE013-A_7328",2019-09-27,"2019-09-27_KE777-KE013-A_7328","2019-09-27_KE777-KE013-A_7328","KE777-KE013-A","7328",NA,"A","KE013",13,"KE777",777,"good",1
"109","/Users/ricardopiedrahita/Dropbox/CA(Kenya)/UNOPs/Datafromtheteam/PATS+/AmbientP+/2019-10-04_KE777-KE04-A_7335",2019-10-04,"2019-10-04_KE777-KE04-A_7335","2019-10-04_KE777-KE04-A_7335","KE777-KE04-A","7335",NA,"A","KE04",4,"KE777",777,"good",1
"110","/Users/ricardopiedrahita/Dropbox/CA(Kenya)/UNOPs/Datafromtheteam/PATS+/AmbientP+/2019-10-08_KE777-KE004-A_7208",2019-10-08,"2019-10-08_KE777-KE004-A_7208","2019-10-08_KE777-KE004-A_7208","KE777-KE004-A","7208",NA,"A","KE004",4,"KE777",777,"good",1
"111","/Users/ricardopiedrahita/Dropbox/CA(Kenya)/UNOPs/Datafromtheteam/PATS+/AmbientP+/2019-10-18_KE777-KE004-A_7222",2019-10-18,"2019-10-18_KE777-KE004-A_7222","2019-10-18_KE777-KE004-A_7222","KE777-KE004-A","7222",NA,"A","KE004",4,"KE777",777,"good",1
"112","/Users/ricardopiedrahita/Dropbox/CA(Kenya)/UNOPs/Datafromtheteam/PATS+/AmbientP+/2019-10-25_KE777-KE05-A_7318",2019-10-25,"2019-10-25_KE777-KE05-A_7318","2019-10-25_KE777-KE05-A_7318","KE777-KE05-A","7318",NA,"A","KE05",5,"KE777",777,"good",1
"113","/Users/ricardopiedrahita/Dropbox/CA(Kenya)/UNOPs/Datafromtheteam/PATS+/EmissionsP+/2019-09-24_KE157-KE005-2_7319",2019-09-24,"2019-09-24_KE157-KE005-2_7319","2019-09-24_KE157-KE005-2_7319","KE157-KE005-2","7319",NA,"2","KE005",5,"KE157",157,"good",1
"114","/Users/ricardopiedrahita/Dropbox/CA(Kenya)/UNOPs/Datafromtheteam/PATS+/EmissionsP+/2019-10-02_KE238-KE004-1_7290",2019-10-02,"2019-10-02_KE238-KE004-1_7290","2019-10-02_KE238-KE004-1_7290","KE238-KE004-1","7290",NA,"1","KE004",4,"KE238",238,"good",1
"115","/Users/ricardopiedrahita/Dropbox/CA(Kenya)/UNOPs/Datafromtheteam/PATS+/EmissionsP+/2019-10-02_KE238-KE004-2_7230",2019-10-02,"2019-10-02_KE238-KE004-2_7230","2019-10-02_KE238-KE004-2_7230","KE238-KE004-2","7230",NA,"2","KE004",4,"KE238",238,"good",1
"116","/Users/ricardopiedrahita/Dropbox/CA(Kenya)/UNOPs/Datafromtheteam/PATS+/EmissionsP+/2019-10-28_KE117-KE004-1_7223",2019-10-28,"2019-10-28_KE117-KE004-1_7223","2019-10-28_KE117-KE004-1_7223","KE117-KE004-1","7223",NA,"1","KE004",4,"KE117",117,"good",1
"117","/Users/ricardopiedrahita/Dropbox/CA(Kenya)/UNOPs/Datafromtheteam/PATS+/EmissionsP+/2019-10-28_KE117-KE004-2_7220",2019-10-28,"2019-10-28_KE117-KE004-2_7220","2019-10-28_KE117-KE004-2_7220","KE117-KE004-2","7220",NA,"2","KE004",4,"KE117",117,"good",1
"118","/Users/ricardopiedrahita/Dropbox/CA(Kenya)/UNOPs/Datafromtheteam/PATS+/EmissionsP+/2019-10-29_KE005-1_7318",2019-10-29,"2019-10-29_KE005-1_7318","2019-10-29_KE005-1_7318","KE005-1","7318",NA,NA,"1",1,"KE005",5,"good",1
"119","/Users/ricardopiedrahita/Dropbox/CA(Kenya)/UNOPs/Datafromtheteam/PATS+/EmissionsP+/2019-10-29_KE148-KE005-2_7338",2019-10-29,"2019-10-29_KE148-KE005-2_7338","2019-10-29_KE148-KE005-2_7338","KE148-KE005-2","7338",NA,"2","KE005",5,"KE148",148,"good",1
"120","/Users/ricardopiedrahita/Dropbox/CA(Kenya)/UNOPs/Datafromtheteam/PATS+/EmissionsP+/2019-10-29_KE162-KE001-1_7290",2019-10-29,"2019-10-29_KE162-KE001-1_7290","2019-10-29_KE162-KE001-1_7290","KE162-KE001-1","7290",NA,"1","KE001",1,"KE162",162,"good",1
"121","/Users/ricardopiedrahita/Dropbox/CA(Kenya)/UNOPs/Datafromtheteam/PATS+/HAPP+/2019-09-19_KE152-KE004-K_7222",2019-09-19,"2019-09-19_KE152-KE004-K_7222","2019-09-19_KE152-KE004-K_7222","KE152-KE004-K","7222",NA,"K","KE004",4,"KE152",152,"good",1
"122","/Users/ricardopiedrahita/Dropbox/CA(Kenya)/UNOPs/Datafromtheteam/PATS+/HAPP+/2019-09-19_KE152-KE004-L_7208",2019-09-19,"2019-09-19_KE152-KE004-L_7208","2019-09-19_KE152-KE004-L_7208","KE152-KE004-L","7208",NA,"L","KE004",4,"KE152",152,"good",1
"123","/Users/ricardopiedrahita/Dropbox/CA(Kenya)/UNOPs/Datafromtheteam/PATS+/HAPP+/2019-09-24_KE157-KE005-K_7302",2019-09-24,"2019-09-24_KE157-KE005-K_7302","2019-09-24_KE157-KE005-K_7302","KE157-KE005-K","7302",NA,"K","KE005",5,"KE157",157,"good",1
"124","/Users/ricardopiedrahita/Dropbox/CA(Kenya)/UNOPs/Datafromtheteam/PATS+/HAPP+/2019-09-24_KE157-KE006-K_7208_MissingPMestbutmVfine",2019-09-24,"2019-09-24_KE157-KE006-K_7208_MissingPMestbutmVfine","2019-09-24_KE157-KE006-K_7208_MissingPMestbutmVfine","KE157-KE006-K","7208","MissingPMestbutmVfine","K","KE006",6,"KE157",157,"good",0
"125","/Users/ricardopiedrahita/Dropbox/CA(Kenya)/UNOPs/Datafromtheteam/PATS+/HAPP+/2019-09-24",2019-09-24,"2019-09-24","2019-09-24",NA,NA,NA,NA,NA,NA,NA,NA,"good",1
"126","/Users/ricardopiedrahita/Dropbox/CA(Kenya)/UNOPs/Datafromtheteam/PATS+/HAPP+/2019-09-27_KE085-KE005-K_7319",2019-09-27,"2019-09-27_KE085-KE005-K_7319","2019-09-27_KE085-KE005-K_7319","KE085-KE005-K","7319",NA,"K","KE005",5,"KE085",85,"good",1
"127","/Users/ricardopiedrahita/Dropbox/CA(Kenya)/UNOPs/Datafromtheteam/PATS+/HAPP+/2019-09-27_KE085-KE005-L_7208",2019-09-27,"2019-09-27_KE085-KE005-L_7208","2019-09-27_KE085-KE005-L_7208","KE085-KE005-L","7208",NA,"L","KE005",5,"KE085",85,"good",1
"128","/Users/ricardopiedrahita/Dropbox/CA(Kenya)/UNOPs/Datafromtheteam/PATS+/HAPP+/2019-09-27_KE126-KE004-K_7328",2019-09-27,"2019-09-27_KE126-KE004-K_7328","2019-09-27_KE126-KE004-K_7328","KE126-KE004-K","7328",NA,"K","KE004",4,"KE126",126,"good",1
"129","/Users/ricardopiedrahita/Dropbox/CA(Kenya)/UNOPs/Datafromtheteam/PATS+/HAPP+/2019-09-27_KE126-KE004-L_7255",2019-09-27,"2019-09-27_KE126-KE004-L_7255","2019-09-27_KE126-KE004-L_7255","KE126-KE004-L","7255",NA,"L","KE004",4,"KE126",126,"good",1
"130","/Users/ricardopiedrahita/Dropbox/CA(Kenya)/UNOPs/Datafromtheteam/PATS+/HAPP+/2019-09-27_KE157-KE013-K_7308",2019-09-27,"2019-09-27_KE157-KE013-K_7308","2019-09-27_KE157-KE013-K_7308","KE157-KE013-K","7308",NA,"K","KE013",13,"KE157",157,"good",1
"131","/Users/ricardopiedrahita/Dropbox/CA(Kenya)/UNOPs/Datafromtheteam/PATS+/HAPP+/2019-09-27_KE157-KE013-L_7223",2019-09-27,"2019-09-27_KE157-KE013-L_7223","2019-09-27_KE157-KE013-L_7223","KE157-KE013-L","7223",NA,"L","KE013",13,"KE157",157,"good",1
"132","/Users/ricardopiedrahita/Dropbox/CA(Kenya)/UNOPs/Datafromtheteam/PATS+/HAPP+/2019-10-04_KE238-KE004-K_7318",2019-10-04,"2019-10-04_KE238-KE004-K_7318","2019-10-04_KE238-KE004-K_7318","KE238-KE004-K","7318",NA,"K","KE004",4,"KE238",238,"good",1
"133","/Users/ricardopiedrahita/Dropbox/CA(Kenya)/UNOPs/Datafromtheteam/PATS+/HAPP+/2019-10-04_KE238-KE004-L_7296",2019-10-04,"2019-10-04_KE238-KE004-L_7296","2019-10-04_KE238-KE004-L_7296","KE238-KE004-L","7296",NA,"L","KE004",4,"KE238",238,"good",1
"134","/Users/ricardopiedrahita/Dropbox/CA(Kenya)/UNOPs/Datafromtheteam/PATS+/HAPP+/2019-10-08_KE157-KE001-K_7296Q",2019-10-08,"2019-10-08_KE157-KE001-K_7296Q","2019-10-08_KE157-KE001-K_7296Q","KE157-KE001-K","7296Q",NA,"K","KE001",1,"KE157",157,"good",1
"135","/Users/ricardopiedrahita/Dropbox/CA(Kenya)/UNOPs/Datafromtheteam/PATS+/HAPP+/2019-10-08_KE157-KE01-L_7316F",2019-10-08,"2019-10-08_KE157-KE01-L_7316F","2019-10-08_KE157-KE01-L_7316F","KE157-KE01-L","7316F",NA,"L","KE01",1,"KE157",157,"good",1
"136","/Users/ricardopiedrahita/Dropbox/CA(Kenya)/UNOPs/Datafromtheteam/PATS+/HAPP+/2019-10-08_KE157-KE013-K_7230",2019-10-08,"2019-10-08_KE157-KE013-K_7230","2019-10-08_KE157-KE013-K_7230","KE157-KE013-K","7230",NA,"K","KE013",13,"KE157",157,"good",1
"137","/Users/ricardopiedrahita/Dropbox/CA(Kenya)/UNOPs/Datafromtheteam/PATS+/HAPP+/2019-10-08_KE157-KE013-K_7290",2019-10-08,"2019-10-08_KE157-KE013-K_7290","2019-10-08_KE157-KE013-K_7290","KE157-KE013-K","7290",NA,"K","KE013",13,"KE157",157,"good",1
"138","/Users/ricardopiedrahita/Dropbox/CA(Kenya)/UNOPs/Datafromtheteam/PATS+/HAPP+/2019-10-14_KE053-KE011-K_7318",2019-10-14,"2019-10-14_KE053-KE011-K_7318","2019-10-14_KE053-KE011-K_7318","KE053-KE011-K","7318",NA,"K","KE011",11,"KE053",53,"good",1
"139","/Users/ricardopiedrahita/Dropbox/CA(Kenya)/UNOPs/Datafromtheteam/PATS+/HAPP+/2019-10-14_KE053-KE011-L_7223F",2019-10-14,"2019-10-14_KE053-KE011-L_7223F","2019-10-14_KE053-KE011-L_7223F","KE053-KE011-L","7223F",NA,"L","KE011",11,"KE053",53,"good",1
"140","/Users/ricardopiedrahita/Dropbox/CA(Kenya)/UNOPs/Datafromtheteam/PATS+/HAPP+/2019-10-14_KE229-KE005-K_7237",2019-10-14,"2019-10-14_KE229-KE005-K_7237","2019-10-14_KE229-KE005-K_7237","KE229-KE005-K","7237",NA,"K","KE005",5,"KE229",229,"good",1
"141","/Users/ricardopiedrahita/Dropbox/CA(Kenya)/UNOPs/Datafromtheteam/PATS+/HAPP+/2019-10-14_KE229-KE005-L_7230",2019-10-14,"2019-10-14_KE229-KE005-L_7230","2019-10-14_KE229-KE005-L_7230","KE229-KE005-L","7230",NA,"L","KE005",5,"KE229",229,"good",1
"142","/Users/ricardopiedrahita/Dropbox/CA(Kenya)/UNOPs/Datafromtheteam/PATS+/HAPP+/2019-10-15_KE026-KE05-K_7208",2019-10-15,"2019-10-15_KE026-KE05-K_7208","2019-10-15_KE026-KE05-K_7208","KE026-KE05-K","7208",NA,"K","KE05",5,"KE026",26,"good",1
"143","/Users/ricardopiedrahita/Dropbox/CA(Kenya)/UNOPs/Datafromtheteam/PATS+/HAPP+/2019-10-15_KE026-KE05-L_7303",2019-10-15,"2019-10-15_KE026-KE05-L_7303","2019-10-15_KE026-KE05-L_7303","KE026-KE05-L","7303",NA,"L","KE05",5,"KE026",26,"good",1
"144","/Users/ricardopiedrahita/Dropbox/CA(Kenya)/UNOPs/Datafromtheteam/PATS+/HAPP+/2019-10-15_KE158-KE011-K_7290",2019-10-15,"2019-10-15_KE158-KE011-K_7290","2019-10-15_KE158-KE011-K_7290","KE158-KE011-K","7290",NA,"K","KE011",11,"KE158",158,"good",1
"145","/Users/ricardopiedrahita/Dropbox/CA(Kenya)/UNOPs/Datafromtheteam/PATS+/HAPP+/2019-10-15_KE158-KE011-L_7316",2019-10-15,"2019-10-15_KE158-KE011-L_7316","2019-10-15_KE158-KE011-L_7316","KE158-KE011-L","7316",NA,"L","KE011",11,"KE158",158,"good",1
"146","/Users/ricardopiedrahita/Dropbox/CA(Kenya)/UNOPs/Datafromtheteam/PATS+/HAPP+/2019-10-157303",NA,"2019-10-157303","2019-10-157303",NA,NA,NA,NA,NA,NA,NA,NA,"good",1
"147","/Users/ricardopiedrahita/Dropbox/CA(Kenya)/UNOPs/Datafromtheteam/PATS+/HAPP+/2019-10-16_KE199-KE011-K_7296",2019-10-16,"2019-10-16_KE199-KE011-K_7296","2019-10-16_KE199-KE011-K_7296","KE199-KE011-K","7296",NA,"K","KE011",11,"KE199",199,"good",1
"148","/Users/ricardopiedrahita/Dropbox/CA(Kenya)/UNOPs/Datafromtheteam/PATS+/HAPP+/2019-10-16_KE199-KE011-L_7220",2019-10-16,"2019-10-16_KE199-KE011-L_7220","2019-10-16_KE199-KE011-L_7220","KE199-KE011-L","7220",NA,"L","KE011",11,"KE199",199,"good",1
"149","/Users/ricardopiedrahita/Dropbox/CA(Kenya)/UNOPs/Datafromtheteam/PATS+/HAPP+/2019-10-18_KE015-KE05-K_7303",2019-10-18,"2019-10-18_KE015-KE05-K_7303","2019-10-18_KE015-KE05-K_7303","KE015-KE05-K","7303",NA,"K","KE05",5,"KE015",15,"good",1
"150","/Users/ricardopiedrahita/Dropbox/CA(Kenya)/UNOPs/Datafromtheteam/PATS+/HAPP+/2019-10-18_KE015-KE05-L_7290",2019-10-18,"2019-10-18_KE015-KE05-L_7290","2019-10-18_KE015-KE05-L_7290","KE015-KE05-L","7290",NA,"L","KE05",5,"KE015",15,"good",1
"151","/Users/ricardopiedrahita/Dropbox/CA(Kenya)/UNOPs/Datafromtheteam/PATS+/HAPP+/2019-10-18_KE026-KE011-L_7316H",2019-10-18,"2019-10-18_KE026-KE011-L_7316H","2019-10-18_KE026-KE011-L_7316H","KE026-KE011-L","7316H",NA,"L","KE011",11,"KE026",26,"good",1
"152","/Users/ricardopiedrahita/Dropbox/CA(Kenya)/UNOPs/Datafromtheteam/PATS+/HAPP+/2019-10-18_KE026-KE05-K_7223",2019-10-18,"2019-10-18_KE026-KE05-K_7223","2019-10-18_KE026-KE05-K_7223","KE026-KE05-K","7223",NA,"K","KE05",5,"KE026",26,"good",1
"153","/Users/ricardopiedrahita/Dropbox/CA(Kenya)/UNOPs/Datafromtheteam/PATS+/HAPP+/2019-10-23_KE190-04-K_7316",2019-10-23,"2019-10-23_KE190-04-K_7316","2019-10-23_KE190-04-K_7316","KE190-04-K","7316",NA,"K","04",4,"KE190",190,"good",1
"154","/Users/ricardopiedrahita/Dropbox/CA(Kenya)/UNOPs/Datafromtheteam/PATS+/HAPP+/2019-10-23_KE190-04-L_7237",2019-10-23,"2019-10-23_KE190-04-L_7237","2019-10-23_KE190-04-L_7237","KE190-04-L","7237",NA,"L","04",4,"KE190",190,"good",1
"155","/Users/ricardopiedrahita/Dropbox/CA(Kenya)/UNOPs/Datafromtheteam/PATS+/HAPP+/2019-10-24_KE023-KE05-K_7220",2019-10-24,"2019-10-24_KE023-KE05-K_7220","2019-10-24_KE023-KE05-K_7220","KE023-KE05-K","7220",NA,"K","KE05",5,"KE023",23,"good",1
"156","/Users/ricardopiedrahita/Dropbox/CA(Kenya)/UNOPs/Datafromtheteam/PATS+/HAPP+/2019-10-24-KE028-KE011-K_7290",NA,"2019-10-24-KE028-KE011-K_7290","2019-10-24-KE028-KE011-K_7290","7290",NA,NA,NA,NA,NA,"7290",7290,"good",1
"157","/Users/ricardopiedrahita/Dropbox/CA(Kenya)/UNOPs/Datafromtheteam/PATS+/HAPP+/2019-10-24-KE028-KE011-L_7303",NA,"2019-10-24-KE028-KE011-L_7303","2019-10-24-KE028-KE011-L_7303","7303",NA,NA,NA,NA,NA,"7303",7303,"good",1
"158","/Users/ricardopiedrahita/Dropbox/CA(Kenya)/UNOPs/Datafromtheteam/PATS+/HAPP+/2019-10-28_KE117-KE004-K_7299",2019-10-28,"2019-10-28_KE117-KE004-K_7299","2019-10-28_KE117-KE004-K_7299","KE117-KE004-K","7299",NA,"K","KE004",4,"KE117",117,"good",1
"159","/Users/ricardopiedrahita/Dropbox/CA(Kenya)/UNOPs/Datafromtheteam/PATS+/HAPP+/2019-10-28_KE117-KE004-L_7316",2019-10-28,"2019-10-28_KE117-KE004-L_7316","2019-10-28_KE117-KE004-L_7316","KE117-KE004-L","7316",NA,"L","KE004",4,"KE117",117,"good",1
"160","/Users/ricardopiedrahita/Dropbox/CA(Kenya)/UNOPs/Datafromtheteam/PATS+/HAPP+/2019-10-28_KE148-KE005-K_7237",2019-10-28,"2019-10-28_KE148-KE005-K_7237","2019-10-28_KE148-KE005-K_7237","KE148-KE005-K","7237",NA,"K","KE005",5,"KE148",148,"good",1
"161","/Users/ricardopiedrahita/Dropbox/CA(Kenya)/UNOPs/Datafromtheteam/PATS+/HAPP+/2019-10-28_KE148-KE005-L_7296",2019-10-28,"2019-10-28_KE148-KE005-L_7296","2019-10-28_KE148-KE005-L_7296","KE148-KE005-L","7296",NA,"L","KE005",5,"KE148",148,"good",1
"162","/Users/ricardopiedrahita/Dropbox/CA(Kenya)/UNOPs/Datafromtheteam/PATS+/HAPP+/2019-10-29_KE162-KE001-K_7303",2019-10-29,"2019-10-29_KE162-KE001-K_7303","2019-10-29_KE162-KE001-K_7303","KE162-KE001-K","7303",NA,"K","KE001",1,"KE162",162,"good",1
"163","/Users/ricardopiedrahita/Dropbox/CA(Kenya)/UNOPs/Datafromtheteam/PATS+/HAPP+/2019-10-29_KE162-KE001-L_7223",2019-10-29,"2019-10-29_KE162-KE001-L_7223","2019-10-29_KE162-KE001-L_7223","KE162-KE001-L","7223",NA,"L","KE001",1,"KE162",162,"good",1
"164","/Users/ricardopiedrahita/Dropbox/CA(Kenya)/UNOPs/Datafromtheteam/PATS+/HAPP+/2019-10-30_KE048-KE004-K_7220",2019-10-30,"2019-10-30_KE048-KE004-K_7220","2019-10-30_KE048-KE004-K_7220","KE048-KE004-K","7220",NA,"K","KE004",4,"KE048",48,"good",1
"165","/Users/ricardopiedrahita/Dropbox/CA(Kenya)/UNOPs/Datafromtheteam/PATS+/HAPP+/2019-10-30_KE048-KE004-L_7290",2019-10-30,"2019-10-30_KE048-KE004-L_7290","2019-10-30_KE048-KE004-L_7290","KE048-KE004-L","7290",NA,"L","KE004",4,"KE048",48,"good",1
"166","/Users/ricardopiedrahita/Dropbox/CA(Kenya)/UNOPs/Datafromtheteam/PATS+/HAPP+/2019-10-30_KE229-KE011-K_7318",2019-10-30,"2019-10-30_KE229-KE011-K_7318","2019-10-30_KE229-KE011-K_7318","KE229-KE011-K","7318",NA,"K","KE011",11,"KE229",229,"good",1
"167","/Users/ricardopiedrahita/Dropbox/CA(Kenya)/UNOPs/Datafromtheteam/PATS+/HAPP+/2019-10-30_KE229-KE011-L_07338",2019-10-30,"2019-10-30_KE229-KE011-L_07338","2019-10-30_KE229-KE011-L_07338","KE229-KE011-L","07338",NA,"L","KE011",11,"KE229",229,"good",1
"168","/Users/ricardopiedrahita/Dropbox/CA(Kenya)/UNOPs/Datafromtheteam/PATS+/HAPP+/2019-KE023-KE005-L_7223",NA,"2019-KE023-KE005-L_7223","2019-KE023-KE005-L_7223","7223",NA,NA,NA,NA,NA,"7223",7223,"good",1
